[{"name": "optical_depth_numerical", "resolution": "48", "z_min": "0.0", "z_max": "10.0", "cosmology": "LambdaCDM(H0=70.0 km / (Mpc s), Om0=0.3, Ode0=0.7, Tcmb0=0.0 K, Neff=3.04, m_nu=None, Ob0=None)", "velocity_dispersion": "{'sigma_min': 100.0, 'sigma_max': 400.0, 'alpha': 0.94, 'beta': 1.85, 'phistar': np.float64(0.02099), 'sigmastar': 113.78, 'name': 'velocity_dispersion_ewoud'}", "axis_ratio": "{'q_min': 0.2, 'q_max': 1.0, 'name': 'axis_ratio_rayleigh'}", "axis_rotation_angle": "{'phi_min': 0.0, 'phi_max': 6.283185307179586, 'name': 'axis_rotation_angle_uniform'}", "density_profile_slope": "{'mean': 1.99, 'std': 0.149, 'name': 'density_profile_slope_normal'}", "external_shear": "{'mean': 0.0, 'std': 0.05, 'name': 'external_shear_normal'}"}]