[{"name": "lens_redshift_strongly_lensed_numerical_epl_shear_galaxy", "resolution": "48", "zl_resolution": "48", "integration_size": "20000", "z_min": "0.0", "z_max": "10.0", "cosmology": "LambdaCDM(H0=70.0 km / (Mpc s), Om0=0.3, Ode0=0.7, Tcmb0=0.0 K, Neff=3.04, m_nu=None, Ob0=None)", "cross_section": "{'name': 'cross_section_epl_shear_interpolation'}", "velocity_dispersion": "{'name': 'velocity_dispersion_ewoud', 'resolution': 500, 'zl_resolution': 48, 'sigma_min': 100.0, 'sigma_max': 400.0, 'alpha': 0.94, 'beta': 1.85, 'phistar': np.float64(0.02099), 'sigmastar': 113.78}", "axis_ratio": "{'name': 'axis_ratio_rayleigh', 'resolution': 500, 'sigma_resolution': 48, 'q_min': 0.2, 'q_max': 1.0}", "axis_rotation_angle": "{'phi_min': 0.0, 'phi_max': 6.283185307179586}", "density_profile_slope": "{'name': 'density_profile_slope_normal', 'mean': 1.99, 'std': 0.149}", "external_shear": "{'name': 'external_shear_normal', 'mean': 0.0, 'std': 0.05}"}]