[{"mtot_min": 9.96, "mtot_max": 500.0, "mtot_resolution": 200, "ratio_min": 0.1, "ratio_max": 1.0, "spin_max": 0.99, "ratio_resolution": 20, "sampling_frequency": 2048.0, "waveform_approximant": "IMRPhenomD", "minimum_frequency": 20.0, "reference_frequency": 20.0, "duration_max": null, "duration_min": null, "fixed_duration": null, "frequency_domain_source_model": "lal_binary_black_hole", "detector": "L1", "psds": "[array([  10.21659,   10.23975,   10.26296, ..., 4972.81   ,\n       4984.081  , 4995.378  ], shape=(2736,)), array([4.43925574e-41, 4.22777986e-41, 4.02102594e-41, ...,\n       6.51153524e-46, 6.43165104e-46, 6.55252996e-46],\n      shape=(2736,))]", "detector_tensor": "[[ 0.41128086  0.14021027  0.24729459]\n [ 0.14021027 -0.10900569 -0.18161563]\n [ 0.24729459 -0.18161563 -0.30227517]]", "spin_resolution": 10}]