[{"z_min": "0.0", "z_max": "10.0", "cosmology": "LambdaCDM(H0=70.0 km / (Mpc s), Om0=0.3, Ode0=0.7, Tcmb0=0.0 K, Neff=3.04, m_nu=None, Ob0=None)", "event_type": "BBH", "name": "merger_rate_density_bbh_popI_II_oguri2018", "resolution": "500", "R0": "2.39e-08", "b2": "1.6", "b3": "2.1", "b4": "30"}, {"R0": "2.39e-08", "b2": "1.6", "b3": "2.1", "b4": "30", "z_min": "0.0", "z_max": "10.0", "cosmology": "LambdaCDM(H0=70.0 km / (Mpc s), Om0=0.3, Ode0=0.7, Tcmb0=0.0 K, Neff=3.04, m_nu=None, Ob0=None)", "event_type": "BBH", "name": "merger_rate_density_detector_frame", "resolution": "500"}]