[{"name": "axis_ratio_rayleigh", "velocity_dispersion": "{'name': 'velocity_dispersion_ewoud', 'z_min': 0.0, 'z_max': 10.0, 'cosmology': LambdaCDM(name=None, H0=<Quantity 70. km / (Mpc s)>, Om0=0.3, Ode0=0.7, Tcmb0=<Quantity 0. K>, Neff=3.04, m_nu=None, Ob0=None), 'resolution': 500, 'zl_resolution': 48, 'sigma_min': 100.0, 'sigma_max': 400.0, 'alpha': 0.94, 'beta': 1.85, 'phistar': np.float64(0.02099), 'sigmastar': 113.78}", "resolution": "500", "sigma_resolution": "48", "q_min": "0.2", "q_max": "1.0"}]